noisy_full_name,noisy_phone_num,noisy_email,noisy_address
"ava,rodriguez,rodriguez",968 .  132 7215,,"942 Main Drive, Dayton, AR 30378"
"matthew,rivera,rivera",+1 671-865-4926,rivera67@hotmail.comrivera67@hotmail.com,zip code: 48168 -- Wisconsin 432 Walnut Boulevard Franklin
lincoln campbell,+1 693-812-2890,lincoln_campbell_9191@outlook  net.net,"163 Elm Drive, Lexington, Maryland 86950"
Abigail Perez,+1 821-373-1255,,zip code: 18126 -- Massachusetts 983 Washington Street Lexington
"william,adams,adams",196-267-7990,william.adams@gmail.org,"574 Pine Street, Hudson, Arkansas 76142"
,923-422-5058,ethanclever@nike.net,717_Main_Way-Salem-VA-43912
"hunter,robinson,robinson",561-927-4093,hrobinson63@instantmail.net,"928 Lake Avenue, Kingston, SD 78969"
HENRY BELL,6552599150,,"827 Maple Avenue, Bristol, Washington 37051"
ezekiel roberts,8375498651,ezekielfast@yale@net,303_Chestnut_Way-Franklin-MD-28441
SAMUEL DIAZ,808-641-2368,samuel_diaz_3434@hotmail.orgsamuel_diaz_3434@hotmail.org,960_Pine_Terrace-Kingston-MN-94322
henry_sanchez,7446033745,,zip code: 50444 -- Massachusetts 699 Park Lane Greenville
Gabriel Carter,3899447320,gcarter@yahoo.edu,287MagnoliaDriveSpringfieldNY75727
ABIGAIL WOOD,,abigailclever@gmail.io,"319 River Boulevard, Dover, MS 74980"
"chloe,nguyen,nguyen",295-567-6276,chloe.nguyen@instantmail.comchloe.nguyen@instantmail.com,zip code: 82629 -- Texas 966 Washington Parkway Lexington
grace moore,+1 883-893-7249,gmoore@hotmail  org.org,
"benjamin,roberts,roberts",333-901-2063-333-901-2063,benjamin_roberts_3737@outlook@net,178_Sunset_Court-Lexington-VT-81816
john green JOHN GREEN,759-273-7700,john.green@nike.orgjohn.green@nike.org,203RiverTerraceOaklandNE60411
theodore kelly,970-451-5676,theodoreclever@yahoo.org,zip code: 35495 -- Mississippi 675 Elm Terrace Dover
theodore_phillips,366-938-2044-366-938-2044,,"281 Main Lane, Fairview, Montana 84289"
jackson hernandez JACKSON HERNANDEZ,932-977_7017,,"284 Dogwood Boulevard, Bristol, NE 34153"
Ava Howard,+1 535-560-1953,howard53@instantmail.org,"398 Chestnut Drive, Springfield, NE 66766"
Isaac Patterson,,isaac.patterson@yahoo.net,"642 Dogwood Trail, Hudson, New Jersey 47800"
ryan rodriguez RYAN RODRIGUEZ,537-115-9607-537-115-9607,rodriguez60@yale.org,"753 Main Terrace, Franklin, New Jersey 58518"
ethan taylor ETHAN TAYLOR,+1 995-504-7192,etaylor@instantmail.org,808HillCourtKingstonNH66140
Jeremiah Gonzalez,+1 793-776-2850,jeremiahspeedy@hotmail.net,"442 Dogwood Parkway, Franklin, CO 76202"
grace watson GRACE WATSON,528-282-5584-528-282-5584,gracespeedy@gmail  io.io,275SpruceWayAshlandNJ17839
braden perez BRADEN PEREZ,441-313-7447,bradenclever@outlook.edu,529_Dogwood_Street-Fairview-SD-62046
"isabella,campbell,campbell",763-146-7036,icampbell72@nike@io,
,126-967-4889,bell13@yale.org,"208 Sunset Boulevard, Kingston, North Dakota 79420"
JOHN ALEXANDER,+1 204-419-8097,,
